Industry,Business Name,Longitude,Latitude,Location
Laundry,JENNY YANG SUPREME LAUNDROMAT INC,-73.98153896,40.72464285,"(40.72464284637616, -73.9815389610293)"
Laundry,"LEE, ROBERT SUM & LEE, WAI HING",-73.97666698,40.72884693,"(40.72884692942944, -73.97666697841596)"
Laundry,WESTSIDE LAUNDROMAT CORP.,-73.97955229,40.77946334,"(40.77946333933613, -73.97955228967609)"
Laundry,SUN-PARK LAUNDROMAT INC.,-73.99962845,40.71500199,"(40.715001986750934, -73.99962845183465)"
Laundry,WASH SUPPLY LAUNDROMAT INC,-73.97804888,40.78351155,"(40.783511546814516, -73.97804888069093)"
Laundry,TAGS LAUNDRY INC.,-73.94587899,40.82758121,"(40.827581212223215, -73.94587898666991)"
Laundry,FORTUNE 777 INC,-73.93831354,40.80317136,"(40.80317135606646, -73.93831354415155)"
Laundry,DELANCEY LAUNDROMAT INC,-73.99338738,40.72011254,"(40.72011254060361, -73.99338737853634)"
Laundry,"135TH STREET LAUNDRY CENTER, LLC",-73.9418687,40.81454459,"(40.81454459375653, -73.94186869780427)"
Laundry,WINGS AT BROOME LAUNDROMAT INC.,-73.99212491,40.71869068,"(40.71869067582821, -73.99212490741853)"
Laundry,DARYA #2 LAUNDROMAT CORP.,-73.93750607,40.85530677,"(40.85530677228036, -73.93750606704097)"
Laundry,"S & J 21, LLC",-73.96325354,40.79872731,"(40.798727312382134, -73.96325353845577)"
Laundry,WEST 57 CLEANERS CORP.,-73.98444408,40.76736804,"(40.767368041971814, -73.98444407879822)"
Laundry,"NY YOUME CLEANERS, INC.",-73.95300253,40.77927991,"(40.7792799067128, -73.95300252962085)"
Laundry,DEREK'S LAUNDROMAT INC,-73.952525,40.80081213,"(40.80081213058258, -73.95252500223742)"
Laundry,CLEAN ACT INC.,-73.9385813,40.84572833,"(40.84572833083372, -73.93858129999771)"
Laundry,NY GARMENT CARE CORP,-73.97996294,40.73470211,"(40.7347021121039, -73.97996294202304)"
Laundry,KCS CRYSTAL INC.,-73.93519584,40.79627763,"(40.79627763403641, -73.9351958386408)"
Laundry,JH METROPOLITAN LAUNDRY INC,-73.94271276,40.83703522,"(40.83703521917772, -73.94271276381586)"
Laundry,D.J. BROS. CORP.,-73.93283462,40.85632518,"(40.85632517643204, -73.93283462117707)"
Laundry,JHONALVI SERVICES CORP,-73.96702732,40.76338724,"(40.7633872432397, -73.96702731619747)"
Laundry,"KIM, SOON HAE",-73.96655012,40.75756825,"(40.75756824902014, -73.96655012398008)"
Laundry,"CHEN, YING HUA & LOH, CHON TUCK",-73.94773824,40.77445514,"(40.77445513607864, -73.94773823731342)"
Laundry,CRYSTAL CLEAN HOUSE INC.,-73.94259015,40.79904275,"(40.79904275099518, -73.94259015149593)"
Laundry,"LEE WASH & DRY LAUNDROMAT (A), INC",-73.95094892,40.80256535,"(40.802565351023446, -73.95094891565394)"
Laundry,NEW ONE DAY LAUNDROMAT INC,-73.94926825,40.82293869,"(40.82293869333342, -73.94926825172068)"
Laundry,YORKVILLE CT LLC,-73.94211686,40.79505717,"(40.79505716804603, -73.94211685705281)"
Laundry,"EVERGREEN 238/58 LAUNDRY & CLEANERS, INC.",-73.95099015,40.78089846,"(40.78089846258799, -73.95099015258529)"
Laundry,TENDA 8 LAUNDROMAT INC,-73.94837379,40.82554578,"(40.82554577713158, -73.94837378956029)"
Laundry,"NEW ANSONIA CLEANING, LLC",-73.98222395,40.78057266,"(40.78057265558905, -73.98222395289687)"
Laundry,S & J LAUNDROMAT CORP.,-73.94676079,40.79578676,"(40.79578675989836, -73.9467607941624)"
Laundry,ARNOLD K. P. CORP.,-73.99674851,40.74256478,"(40.74256477940983, -73.99674851078002)"
Laundry,"NEW EVERGREEN LAUNDRY NY, INC.",-73.98176811,40.73102993,"(40.731029930709624, -73.98176811195785)"
Laundry,JILLYBABY LAUNDROMAT INC.,-73.97977668,40.7301897,"(40.73018970308532, -73.9797766783815)"
Laundry,ALPINE CLEANERS INC,-73.99975472,40.71171376,"(40.71171376275227, -73.99975471816629)"
Laundry,"NOUVEAU CLEANERS, INC",-73.98478374,40.75022167,"(40.75022167021863, -73.98478373559256)"
Laundry,LAM EASTSIDE LAUNDRY INC,-73.94862374,40.77792488,"(40.777924882564015, -73.94862373968023)"
Laundry,CHANG QING TENG LAUNDROMAT INC,-73.94445957,40.7878534,"(40.787853401344364, -73.94445957383111)"
Laundry,"G & M LAUNDERAMA, INC.",-73.98448499,40.73124167,"(40.731241674955946, -73.98448498564396)"
Laundry,MADISON CLEANER 28TH ST. CORP.,-73.98593996,40.74410103,"(40.7441010272692, -73.98593996209088)"
Laundry,SINCERE LAUNDRY INC,-73.98466009,40.7385894,"(40.738589403711345, -73.98466009317058)"
Laundry,KAI XUAN LAUNDROMAT INC,-73.92858706,40.85633909,"(40.856339093649105, -73.92858706387214)"
Laundry,QUICK COIN AVENUE B LAUNDROMAT INC.,-73.98275522,40.72297971,"(40.722979711757915, -73.98275521515603)"
Laundry,141 STREET AND LENOX LAUNDROMAT INC.,-73.93828206,40.8176525,"(40.81765249797071, -73.938282056959)"
Laundry,"QUICK COIN ONE LAUNDRY, INC.",-73.98411744,40.72922423,"(40.729224229667686, -73.98411743591964)"
Laundry,"66 CARMINE DRY CLEANING & LAUNDROMAT, INC.",-74.00429359,40.72975224,"(40.72975223804399, -74.00429359402933)"
Laundry,CRYSTAL CLEANERS NEW LAUNDROMAT INC,-73.98114624,40.73553672,"(40.73553671698135, -73.98114623821779)"
Laundry,363 1ST AVENUE CLEANERS LLC,-73.97924818,40.73570931,"(40.735709310050886, -73.97924817893919)"
Laundry,BRIGHT LAUNDRY LAND CORP.,-73.98757182,40.72118252,"(40.72118251568413, -73.98757182393523)"
Laundry,FREDERICK DOUGLAS LAUNDROMAT LLC,-73.94772816,40.81489598,"(40.81489597868226, -73.94772815607688)"
Laundry,BROADWAY PARK LAUNDROMAT LLC,-73.92925451,40.8643705,"(40.86437049715161, -73.92925451297975)"
Laundry,LAUNDRY LAND 1ST AVE LLC,-73.98029864,40.73427673,"(40.73427673319293, -73.98029864251585)"
Laundry,"GREEN LAUNDROMAT, INC.",-73.93684127,40.82068738,"(40.820687377148374, -73.9368412708397)"
Laundry,"THE LAUNDRY ROOM OF ESSEX, INC",-73.98731596,40.71975521,"(40.71975521311322, -73.98731595609806)"
Laundry,NAGLE WASHRITE LLC,-73.92185587,40.86265852,"(40.86265852104764, -73.92185586806289)"
Laundry,YI RAE LLC,-73.9795039,40.7372574,"(40.73725739654071, -73.97950389806968)"
Laundry,EMILY'S LAUNDROMAT NY INC.,-73.99002263,40.7128277,"(40.712827703996325, -73.990022633943)"
Laundry,FONTANE CORP.,-73.93996133,40.81041555,"(40.8104155542863, -73.93996132562759)"
Laundry,NEW MODERN FRENCH CLEANERS INC.,-73.97792906,40.74192318,"(40.741923183584646, -73.97792906018414)"
Laundry,"DEKHKANOV, NISON",-73.97988324,40.73576706,"(40.73576706255671, -73.97988323724161)"
Laundry,THE MAT WEST CORP.,-73.9500663,40.7802009,"(40.78020090311053, -73.95006630213699)"
Laundry,BLISS CLEANERS INC.,-73.94866129,40.78073551,"(40.780735509210636, -73.9486612901511)"
Laundry,217 LAUNDROMAT INC.,-73.98099329,40.74041686,"(40.7404168616397, -73.98099329438678)"
Laundry,"MULAN, INC.",-73.9533082,40.78105313,"(40.7810531303044, -73.95330819966472)"
Laundry,A.I.R. LAUNDROMAT INC.,-73.94189952,40.83303028,"(40.833030277893116, -73.94189952420804)"
Laundry,PERFECT THINGS LLC,-73.95470757,40.82062167,"(40.82062167168806, -73.95470756743472)"
Laundry,"M & N QUALITY CLEANERS, INC.",-73.98674331,40.73311662,"(40.733116624476956, -73.9867433100966)"
Laundry,"EPSM ENTERPRISES, INC.",-73.99933601,40.74015219,"(40.74015218721889, -73.99933601292713)"
Laundry,POLANCO & SON LAUNDROMAT CORP.,-73.96552072,40.8007152,"(40.8007151953845, -73.96552071985685)"
Laundry,"MERMAID LAUNDROMAT, INC.",-74.00132066,40.73515673,"(40.735156732051514, -74.0013206578771)"
Laundry,JIE LI LAUNDROMAT INC.,-73.99685431,40.71825174,"(40.718251740639424, -73.99685431264386)"
Laundry,138 STREET AND LENOX LAUNDROMAT INC,-73.93967111,40.8157484,"(40.81574839729669, -73.93967110931786)"
Laundry,"SY, KO-FUNG",-73.95096995,40.77891675,"(40.77891675463101, -73.95096994679304)"
Laundry,PTT NY INC,-74.0007218,40.74734069,"(40.74734068744729, -74.00072180295554)"
Laundry,"SUPER 1665 LAUNDROMAT, INC.",-73.94907916,40.77729928,"(40.7772992846877, -73.9490791628748)"
Laundry,"NEW WESTSIDE CLEANER, INC.",-73.9778099,40.78547399,"(40.785473985633445, -73.97780990229366)"
Laundry,"HUDSON KIM CLEANERS, INC.",-74.0066318,40.73155818,"(40.73155817600783, -74.0066317980721)"
Laundry,DOUBLE STAR LAUNDROMAT INC,-73.93041522,40.85383704,"(40.8538370420444, -73.9304152214875)"
Laundry,SUPER WASH 85 CORP.,-73.95041646,40.77547187,"(40.77547187274312, -73.95041646004057)"
Laundry,SUPER PLAN ASSOCIATE INC.,-73.94341613,40.82585909,"(40.8258590934099, -73.94341613440025)"
Laundry,LOAD LAUNDROMAT LLC,-73.97782499,40.72933847,"(40.729338469552204, -73.977824987122)"
Laundry,JLD STAR CORP.,-73.98974447,40.76238144,"(40.762381439937734, -73.98974447360565)"
Laundry,THOMPSON STREET LAUNDROMAT INC.,-74.00020565,40.72780903,"(40.727809030767716, -74.00020565354885)"
Laundry,MR. LIN LAUNDROMAT INC,-73.98377135,40.71321949,"(40.71321949339672, -73.98377135433859)"
Laundry,81 FAMILY LAUNDROMAT CORP.,-73.9925183,40.71709874,"(40.71709874132075, -73.99251829963242)"
Laundry,BUBBLES N GO INC.,-73.93980507,40.83539515,"(40.83539514565834, -73.93980507335834)"
Laundry,AUDOBON SUPER LAUNDROMAT INC,-73.93318319,40.84759996,"(40.84759996487129, -73.93318319003987)"
Laundry,"W.R. CLEANING, INC.",-73.98824204,40.72568124,"(40.72568124423344, -73.98824204353899)"
Laundry,2167 3rd Ave Laundromat LLC,-73.93897083,40.7993483,"(40.79934830111703, -73.93897082907604)"
Laundry,"TORRES, DELIA",-73.94219978,40.8326544,"(40.832654403114596, -73.94219978482899)"
Laundry,SAME DAY LAUNDROMAT INC,-73.95260949,40.81912221,"(40.81912221216838, -73.95260948834775)"
Laundry,L.L.I. LAUNDROMAT LTD.,-73.94402584,40.8097918,"(40.80979180242571, -73.94402584047087)"
Laundry,138 STREET 98TH AVENUE LAUNDROMAT AND DRY CLEANING INC,-73.94505536,40.81856168,"(40.818561681985294, -73.94505536000867)"
Laundry,TWO FUTURE DREAMS INC,-74.00427214,40.73282911,"(40.73282910909026, -74.00427214291429)"
Laundry,TONY'S LAUNDRY LLC,-73.97924675,40.77506622,"(40.77506621650748, -73.9792467458698)"
Laundry,"PARK WEST LAUNDROMAT, CORP.",-73.9734189,40.78530014,"(40.78530013831648, -73.97341889609677)"
Laundry,AARON'S LAUNDROMAT INC.,-73.93591331,40.84634718,"(40.84634718314347, -73.9359133108306)"
Laundry,"WASHLAND, LLC",-73.98771524,40.76515618,"(40.765156175795106, -73.9877152374793)"
Laundry,RAHMAN ENTERPRISES LLC,-73.94397718,40.82038915,"(40.82038914593883, -73.94397718395447)"
Laundry,2117 8TH AVENUE LAUNDROMAT CORP.,,,
Laundry,"LEXINGTON STAR CLEANERS, INC.",-73.95291673,40.78317191,"(40.78317190644565, -73.95291673047207)"
Laundry,FOUR ANGELS LAUNDROMAT INC.,-73.9399575,40.83467337,"(40.83467336590559, -73.93995750401693)"
Laundry,LUCKY MACHINE WASH CORP.,-73.93622965,40.79913273,"(40.799132728445215, -73.93622965257957)"
Laundry,ELITE ZIP BUSINESS INC.,-73.98476891,40.72033405,"(40.720334048511496, -73.98476891395346)"
Laundry,ROOSEVELT ISLAND CLEANER INC.,-73.94945871,40.76246139,"(40.7624613866148, -73.94945870994842)"
Laundry,"KING LAUNDROMAT CENTER, INC.",-73.94059981,40.81953659,"(40.819536592759505, -73.94059981128)"
Laundry,ESK LAUNDROMAT INC.,-73.98940222,40.71270139,"(40.712701389511814, -73.98940222489767)"
Laundry,MADISON SUPREME LAUNDROMAT YANG INC.,-73.99610793,40.71213914,"(40.71213913534033, -73.99610792959346)"
Laundry,228 GREEN LAUNDROMAT INC,-73.93923422,40.82338947,"(40.82338946534853, -73.9392342181447)"
Laundry,TURBINA LAUNDROMAT SYSTEMS INC,-73.92902149,40.85574376,"(40.85574376137443, -73.92902149086282)"
Laundry,BANACO LLC,-73.950166,40.7868981,"(40.786898098303595, -73.95016600300195)"
Laundry,MIN 81 LAUNDROMAT INC,-73.99308845,40.71527077,"(40.715270766449244, -73.99308845479342)"
Laundry,JAMES CLOTHING SERVICES LLC,-73.99989534,40.74419795,"(40.74419795166928, -73.99989534350853)"
Laundry,"NEW ABSOLUTE LAUNDRY, INC.",-73.98193435,40.74335115,"(40.74335115182181, -73.9819343537557)"
Laundry,FANG CLEANER NY INC,-73.95227884,40.77639215,"(40.77639214617691, -73.95227883915724)"
Laundry,"DOKKO, HWEE",-73.93718619,40.84569739,"(40.845697387800115, -73.937186188734)"
Laundry,NYC FAMILY LAUNDROMAT INC.,-73.92501778,40.86395063,"(40.86395062756963, -73.9250177761278)"
Laundry,D&P LAUNDROMAT INC.,-73.99391796,40.75667816,"(40.756678158049695, -73.99391795763343)"
Laundry,DAILY BUBBLE LAUNDROMAT INC,-73.99870849,40.72047503,"(40.7204750314471, -73.99870849353105)"
Laundry,NEW TYS LAUNDROMAT INC,-73.9394563,40.79771819,"(40.79771818854815, -73.93945629760611)"
Laundry,S & D LAUNDERETTE INC.,-73.97806319,40.78392051,"(40.78392051490722, -73.97806318985263)"
Laundry,"CHI, DE MING",-73.95323853,40.78771183,"(40.787711826824854, -73.95323852827481)"
Laundry,DAE YOUNG NEW YORK CORP.,-73.96800218,40.79304714,"(40.79304713952634, -73.96800217529565)"
Laundry,"IPANEMA LAUNDRY, INC.",-73.95183999,40.79907718,"(40.79907717872112, -73.95183999373246)"
Laundry,NEW ABSOLUTE LAUNDROMAT III INC.,-73.97969263,40.74552462,"(40.74552462032066, -73.97969262724516)"
Laundry,NEW SPRING CLEANERS INC.,-74.00387196,40.73845038,"(40.73845037789907, -74.00387195615264)"
Laundry,"TAINO GOLD COIN LAUNDROMAT, INC.",-73.93698896,40.80207824,"(40.802078238502574, -73.93698895923369)"
Laundry,"THE MAT TWO, INC",-73.94777749,40.77505076,"(40.775050762054676, -73.94777748555177)"
Laundry,4841 WASHRITE CORPORATION,-73.92494256,40.86652785,"(40.86652784986473, -73.92494256046292)"
Laundry,WAN XIAN YIP,-73.96607808,40.80559274,"(40.80559273844738, -73.96607808014139)"
Laundry,"116 A & L Enterprises,LLC",-73.94403436,40.79965554,"(40.799655535529105, -73.94403436374232)"
Laundry,"MEKONG LAUNDROMAT & CLEANERS, INC.",-73.94750643,40.77538824,"(40.775388241662235, -73.94750643073152)"
Laundry,3607 BROADWAY REALTY LLC,-73.94888453,40.82859264,"(40.82859263865725, -73.94888453151621)"
Laundry,DSC LAUNDROMAT INC.,-73.94693163,40.82614073,"(40.826140725823166, -73.94693162550972)"
Laundry,CLASSIC LAUNDRY 145 LLC,-73.9409152,40.82240499,"(40.82240498537679, -73.94091520245588)"
Laundry,MELRAH LLC,-73.94126878,40.83116355,"(40.83116355347003, -73.94126878088584)"
Laundry,S-ELEVEN LAUNDRY INC,-73.96804461,40.80245333,"(40.8024533345085, -73.96804460972879)"
Laundry,"TIAN TIAN LAUNDROMAT, INC.",-73.98992053,40.72010406,"(40.72010405501173, -73.98992053352954)"
Laundry,H & R LAUNDROMAT CORP,-73.93834824,40.84760833,"(40.84760833038331, -73.93834823897033)"
Laundry,"YANGTZE RIVER LAUNDROMAT, INC.",-73.97952326,40.72121156,"(40.72121155790656, -73.97952326313805)"
Laundry,"MINT MAKERS, INC.",-73.95608088,40.78172394,"(40.7817239357714, -73.95608088425116)"
Laundry,NEW LE FENG LAUNDRY INC.,-73.99335886,40.7166514,"(40.71665139695253, -73.99335886310185)"
Laundry,J.J. CLEANERS & LAUNDROMAT CORP.,-73.98797494,40.72636466,"(40.726364661118076, -73.98797493992541)"
Laundry,J.J. CLEANERS & LAUNDROMAT CORP.,-73.98794247,40.72635093,"(40.72635093393871, -73.98794247149961)"
Laundry,501 CHEN UP & UP LAUNDROMAT & DRY CLEANER INC.,-73.93712655,40.8399664,"(40.83996640452136, -73.93712654716953)"
Laundry,COSMO'S LAUNDERAMA INC,-73.98504499,40.72791236,"(40.72791236051844, -73.9850449949849)"
Laundry,E-WASH INC.,-74.00218654,40.73139915,"(40.731399150436054, -74.0021865397374)"
Laundry,"CHIN, CHOW",-73.96233326,40.75913694,"(40.759136941311866, -73.96233326005854)"
Laundry,A R J SERVICES  INC.,-73.9543796,40.7772768,"(40.77727680240047, -73.95437959634802)"
Laundry,"BABY GIRL'S BUBBLES & CLEANERS, INC.",-73.95380687,40.80654089,"(40.80654089396469, -73.95380686829483)"
Laundry,LAUNDRY QUEEN III INC.,-73.98708624,40.71373593,"(40.713735928142974, -73.9870862410549)"
Laundry,OLD BROADWAY LAUNDROMAT CORP,-73.94821895,40.82950633,"(40.829506331625666, -73.94821895072626)"
Laundry,"33 CONVENT LAUNDROMAT, INC.",-73.95307552,40.81403918,"(40.81403918132317, -73.9530755247784)"
Laundry,LEMON LAUNDROMAT INC.,-73.95243313,40.82323098,"(40.82323098230642, -73.95243313188247)"
Laundry,"DAPPER DUDS LAUNDROMAT, INC.",-73.95435274,40.77431796,"(40.774317964615754, -73.95435273952947)"
Laundry,N Y WASH INC.,-73.97244868,40.7912203,"(40.791220297673014, -73.97244867891376)"
Laundry,"DANG, LONG GIANG",-73.99485198,40.72090036,"(40.720900361222206, -73.9948519790675)"
Laundry,PLAN 452 SPIN & SPAN INC.,-73.99569761,40.75420248,"(40.75420247779745, -73.99569761124117)"
Laundry,ORCHARD CLEANER & LAUNDROMAT INC.,-73.99152286,40.71558631,"(40.715586309304996, -73.99152285587829)"
Laundry,KE IMMACULATE LAUNDRY INC.,-73.91838425,40.86638342,"(40.86638341789717, -73.9183842486543)"
Laundry,FAMOUS DRY CLEANING AND LAUNDRY INC,-73.93477267,40.79688947,"(40.79688946995847, -73.93477267390007)"
Laundry,MING CLEANER & ALTERATION INC,-73.95212008,40.77121825,"(40.77121824829059, -73.95212008274538)"
Laundry,HESTER ST. LAUNDROMAT INC.,-73.99730886,40.71794983,"(40.7179498285817, -73.9973088622277)"
Laundry,7 AVE & 129 STREET LAUNDROMAT & DRY CLEANING INC,-73.94665089,40.81125324,"(40.8112532395737, -73.94665088518836)"
Laundry,"HUDSON VIEW CLEANERS, INC.",-73.98950095,40.77292946,"(40.772929456176364, -73.98950095230244)"
Laundry,116 STREET LAUNDROMAT AND DRY CLEANING INC,-73.95386658,40.80377424,"(40.80377423500649, -73.95386658149324)"
Laundry,510 NEW STARLIGHT LAUNDROMAT INC.,-73.91474418,40.87146122,"(40.87146121855882, -73.91474418432799)"
Laundry,CHESTERFIELD CLEANERS CO. INC.,-73.97804888,40.78351155,"(40.783511546814516, -73.97804888069093)"
Laundry,"BLANCA'S CLEANERS, CORP.",-73.99098219,40.76577404,"(40.765774044663914, -73.99098218588877)"
Laundry,"GM HOPE, INC.",-74.00562927,40.73796997,"(40.73796997376116, -74.00562927124841)"
Laundry,LUCKY COIN 888 LAUNDROMAT INC.,-73.9402365,40.79362071,"(40.79362071461773, -73.94023650174654)"
Laundry,GREAT WALL LAUNDRY & CLEANING INC.,-74.00011186,40.73872492,"(40.73872491814651, -74.00011186499094)"
Laundry,FIFTH AVENUE LAUNDROMAT & DRY CLEANING INC.,-73.9447467,40.80304013,"(40.80304012744896, -73.94474670105537)"
Laundry,NEW 99 JANE LAUNDROMAT CORP,-74.00366267,40.73855743,"(40.73855743007947, -74.00366266711012)"
Laundry,SOHO DRY CLEANING INC,-74.0041453,40.72392513,"(40.72392512525987, -74.00414530099424)"
Laundry,BROWN BAG LAUNDRY MERCER LLC,-73.99682144,40.72671932,"(40.726719318781214, -73.99682144186147)"
Laundry,"RUBEN LAUNDRY, INC.",-73.93673428,40.84961933,"(40.849619325642685, -73.93673427905506)"
Laundry,THE GOOD CLEAN LAUNDROMAT INC.,-73.92791877,40.85257295,"(40.85257294564225, -73.92791876843044)"
Laundry,ONE DAY LAUNDROMAT INC.,-73.94716629,40.83094408,"(40.830944084252245, -73.94716628869014)"
Laundry,"P&K LAUNDROMAT, INC.",-73.9775142,40.78427448,"(40.78427447976589, -73.97751419867461)"
Laundry,"LI BAI LAUNDROMAT, INC.",-73.99550145,40.7192947,"(40.71929470436479, -73.99550145238646)"
Laundry,"LAUNDRY BASKET OF FIRST AVENUE, LLC",-73.93439293,40.79740801,"(40.797408008216905, -73.9343929341508)"
Laundry,CITY BRITE CLEANER INC.,-73.9969912,40.72265159,"(40.72265159290052, -73.99699119672368)"
Laundry,SUDS CLEANERS INC.,-73.9969912,40.72265159,"(40.72265159290052, -73.99699119672368)"
Laundry,"KANG & KANGHEE, INC.",-73.97978026,40.77783575,"(40.77783575103875, -73.979780261526)"
Laundry,SOAP'N SUDS L.L.C.,-73.97767486,40.77896345,"(40.77896344897297, -73.97767486420098)"
Laundry,102 WEST LAUNDROMAT CORP.,-73.97974443,40.776919,"(40.77691900270253, -73.97974443371257)"
Laundry,"KARAYIANNIS GLOBAL GROUP, INC.",-73.94324103,40.83628617,"(40.836286174253885, -73.9432410295079)"
Laundry,FOUR ANGELS LAUNDROMAT INC.,-73.9399575,40.83467337,"(40.83467336590559, -73.93995750401693)"
Laundry,"BRUSCO, MICHAEL",-73.97908164,40.7834541,"(40.78345409948699, -73.97908163771659)"
Laundry,"LUCKY 999 LAUNDROMAT #2, INC.",-73.98976815,40.72573903,"(40.725739029858765, -73.98976815176025)"
Laundry,ARIRANG CLEANERS INC,-73.96645709,40.76312633,"(40.7631263280818, -73.96645708584177)"
Laundry,"WONG, YOKE MOY",-73.9672223,40.75596002,"(40.75596002155634, -73.96722229523483)"
Laundry,"824 GREEN LAUNDROMAT, INC.",-73.94237338,40.82831784,"(40.82831784206715, -73.94237338206872)"
Laundry,"WAI KUEN ENG,SZETO",-73.99562398,40.72118859,"(40.72118859282023, -73.99562398290365)"
Laundry,NICK LAUNDROMAT & CLEANER INC.,-73.96376869,40.76137162,"(40.76137162318556, -73.96376868690022)"
Laundry,"B. BUBBLES, INC.",-73.9594337,40.8141404,"(40.814140403676, -73.95943369564223)"
Laundry,"X KLEEN GROUP, INC.",-73.97289934,40.79310603,"(40.79310603434777, -73.97289933549796)"
Laundry,1386 INC.,-73.95846139,40.76864889,"(40.76864888754607, -73.95846138838535)"
Laundry,RV BUBBLE ZONE CORP.,-73.93593993,40.84122557,"(40.84122557315949, -73.9359399293713)"
Laundry,"HARIC LAUNDRY, INC.",-73.96067357,40.76398086,"(40.763980858700904, -73.96067356881778)"
Laundry,85TH LAUNDRY INC,-73.97752743,40.78786185,"(40.78786184840767, -73.97752743195493)"
Laundry,SO CLEAN LAUNDROMAT INC.,-73.9547296,40.77229799,"(40.772297985654674, -73.95472960237112)"
Laundry,LINCHEN LAUNDROMAT INC.,-73.98285729,40.77496525,"(40.77496525492854, -73.9828572893312)"
Laundry,ON TIME EAST CLEANERS INC.,-73.97886284,40.74469281,"(40.74469281187586, -73.97886284035903)"
Laundry,"COIN-OP, LLC",-73.99277663,40.76334233,"(40.76334232984879, -73.99277662641626)"
Laundry,"RABCO OF NEW YORK, LLC",-73.97804888,40.78351155,"(40.783511546814516, -73.97804888069093)"
Laundry,"Mok, Seokgyun",-73.92587722,40.86160721,"(40.86160720998647, -73.92587722469645)"
Laundry,FLUFF-N-FOLD LAUNDRY SERVICES LLC,-73.95359801,40.76933322,"(40.76933321664393, -73.95359801267855)"
Laundry,LAUNDRY QUEEN 1 INC.,-73.98708624,40.71373593,"(40.713735928142974, -73.9870862410549)"
Laundry,BESTEL CLEANERS INC.,-73.97890003,40.72980802,"(40.72980802477656, -73.97890003433902)"
Laundry,"132 STREET AND MADISON AVENUE LAUNDROMAT, LLC",-73.93753052,40.81002451,"(40.81002451210415, -73.93753052331029)"
Laundry,DFH LAUNDROMAT INC,-73.94050405,40.793286,"(40.79328599592451, -73.9405040536952)"
Laundry,"NEW 97 CLEANERS, INC.",-73.9847914,40.76407165,"(40.7640716538889, -73.98479140116575)"
Laundry,302 INC.,-73.96859479,40.75407751,"(40.754077508244286, -73.96859478595017)"
Laundry,"ZHENG, MEI YING",-73.9898956,40.71801255,"(40.718012546099004, -73.98989559784327)"
Laundry,"WONG,YOKEMOY",,,
Laundry,"HOM, MUI YUNG",-73.9951304,40.71224614,"(40.712246143857314, -73.99513039528725)"
Laundry,"DAVID, L LEE",-73.962405,40.76632819,"(40.76632819101128, -73.96240500390131)"
Laundry,"CAMPUS LAUNDRY & CLEANERS, INC.",-74.00047988,40.7314623,"(40.73146229955698, -74.00047988458851)"
Laundry,DIY LAUNDROMAT INC,-73.94728999,40.77971385,"(40.77971384838182, -73.9472899852399)"
Laundry,POLY ORGANIC CLEANERS INC.,-73.97616201,40.77884512,"(40.778845122298655, -73.9761620111828)"
Laundry,"PRECIOUS 2 NY, INC.",-73.97847236,40.72459565,"(40.724595652976994, -73.97847235844762)"
Laundry,123 WEST 135TH STREET LAUNDRY CORP,-73.9418687,40.81454459,"(40.81454459375653, -73.94186869780427)"
Laundry,QUISQUEYA LAUNDROMAT CORP.,-73.9333161,40.84481416,"(40.84481416445611, -73.93331610315632)"
Laundry,DD LAUNDROMAT CORP.,-73.95711086,40.76915617,"(40.76915616970797, -73.9571108581545)"
Laundry,"UNISERV GROUP, INC.",-73.93749524,40.85528755,"(40.85528755349924, -73.93749524047985)"
Laundry,"NUNEZ, ELENA",-73.94505536,40.81856168,"(40.818561681985294, -73.94505536000867)"
Laundry,"LA MODE 1ST CLEANER, INC.",-73.95780135,40.76766329,"(40.76766328578079, -73.95780135179979)"
Laundry,"PARK EAST MADISON CLEANERS, INC.",-73.98443845,40.74510267,"(40.74510266787321, -73.98443845096877)"
Laundry,"106 AUDUBON AVE. LAUNDROMAT, INC.",-73.93730176,40.84195641,"(40.84195641400083, -73.9373017596576)"
Laundry,"LIU, SHU KWONG T",-73.97382536,40.78933499,"(40.789334988160256, -73.9738253611045)"
Laundry,"SHI, CINDY CHEUN SHEUNG",-74.00725646,40.73566704,"(40.735667035121935, -74.0072564571959)"
Laundry,LALO C AND K LAUNDROMAT CORP.,-73.96208242,40.80029966,"(40.80029966190405, -73.9620824192977)"
Laundry,PLAN 750 INC.,-73.99125299,40.76540078,"(40.7654007807039, -73.99125298593604)"
Laundry,"WASHINGTON HEIGHTS LAUNDROMAT, INC.",-73.94081411,40.83451187,"(40.834511870666354, -73.94081410712941)"
Laundry,MADELYN LAUNDROMAT II CORP,-73.93997995,40.83783254,"(40.83783254023956, -73.9399799503101)"
Laundry,"YUN, MI Y",-73.98443845,40.74510267,"(40.74510266787321, -73.98443845096877)"
Laundry,"RQ ENTERPRISES, LLC",-73.93712376,40.85056646,"(40.8505664617366, -73.93712375677805)"
Laundry,"ZHANG, JIN YIN",-73.99335886,40.7166514,"(40.71665139695253, -73.99335886310185)"
Laundry,"SALEH, AHMED M",-73.95294451,40.81029258,"(40.81029258242167, -73.95294450639062)"
Laundry,"PARKER FAIRWAY CLEANERS, INC.",-73.97336103,40.74942911,"(40.749429107469865, -73.9733610264295)"
Laundry,"158TH STREET & BROADWAY LAUNDROMAT, INC.",-73.94431195,40.83482102,"(40.834821020371336, -73.9443119526691)"
Laundry,HSCS CORP.,-73.98121673,40.74149559,"(40.741495585546254, -73.98121672594459)"
Laundry,KWOK WAH LAUNDROMAT INC,-73.99028193,40.71570149,"(40.71570149119274, -73.99028192947202)"
Laundry,PRESTIGE FIRST AVE. CLEANING CORP.,-73.97210661,40.74569595,"(40.74569595219031, -73.9721066129529)"
Laundry,SC WESTSIDE LAUNDRY INC.,-73.99125299,40.76540078,"(40.7654007807039, -73.99125298593604)"
Laundry,"THE NEW CARLTON GROUP, INC.",-73.94580385,40.79117242,"(40.79117242230543, -73.94580385400756)"
Laundry,Wash Liu Corp,-73.94269159,40.79028986,"(40.79028985800832, -73.94269159417355)"
Laundry,2037 SEVENTH AVENUE LAUNDROMAT LLC,-73.94983315,40.8068933,"(40.80689330269737, -73.94983315490188)"
Laundry,Z.H.M. 88 INC,-73.94269159,40.7902926,"(40.79029260273888, -73.94269159181091)"
Laundry,NEW MADISON SUPREME LAUNDROMAT INC.,-73.99623779,40.71212816,"(40.712128160609446, -73.99623778613015)"
Laundry,173RD STREET LAUNDROMAT INC.,-73.93892224,40.84442752,"(40.84442752068366, -73.93892224360867)"
Laundry,"FELDER & SONS, INC.",-73.93969443,40.82589289,"(40.825892888494934, -73.93969443132671)"
Laundry,F. C. LAUNDROMAT CORP.,-73.94633116,40.82695837,"(40.82695837317955, -73.94633115999041)"
Laundry,"NEW 337 EAST SIDE LAUNDROMAT, CORP.",-73.93231378,40.79622108,"(40.79622108307682, -73.93231378440585)"
Laundry,526 COLUMBUS MERCHANTS INC.,-73.97249053,40.78607119,"(40.78607119049114, -73.97249053188615)"
Laundry,LUCKY COIN LAUNDROMAT INC.,-73.98377135,40.71321949,"(40.71321949339672, -73.98377135433859)"
Laundry,123 LAUNDROMAT CORP.,-73.93831354,40.80317136,"(40.80317135606646, -73.93831354415155)"
Laundry,DAE YOUNG LAUNDROMAT CORP.,-73.9415837,40.78939177,"(40.78939177445914, -73.94158369964275)"
Laundry,351 1/2 CORP.,-77.51958437,40.11238534,"(40.11238533659802, -77.51958437167269)"
Laundry,CHRISTOPHER STREET CLEANERS INC,-74.00549175,40.73319685,"(40.73319685445523, -74.0054917545625)"
Laundry,WEDO DRY CLEANERS CORP.,-73.94417856,40.79136927,"(40.79136926724919, -73.94417856275537)"
Laundry,WATER FALL LAUNDROMAT INC,-73.92043875,40.86562457,"(40.86562457157314, -73.92043874739308)"
Laundry,FOURTEEN TOWER CORPORATION,-74.01765571,40.70803717,"(40.70803717159958, -74.0176557112128)"
Laundry,"K.B LAUNDRY SERVICE, INC.",-73.97488147,40.78506716,"(40.78506716403211, -73.97488146834992)"
Laundry,BO-IN LAUNDRY INC,-73.99348787,40.76233505,"(40.76233505172704, -73.993487871628)"
Laundry,"CHEN, FATT H",-73.94862374,40.77792488,"(40.777924882564015, -73.94862373968023)"
Laundry,MS. BUBBLE LAUNDRY INC.,-73.95384678,40.81671011,"(40.81671010571216, -73.95384677582135)"
Laundry,90 STREET LAUNDRY & CLEANERS INC,-73.94728999,40.77971385,"(40.77971384838182, -73.9472899852399)"
Laundry,SUDS CLEANERS INC.,-73.99870849,40.72047503,"(40.7204750314471, -73.99870849353105)"
Laundry,"BEST WASH AND DRY, INC.",-73.99052796,40.76129459,"(40.761294588800595, -73.99052796123422)"
Laundry,PYRAMID PARTNERS CORP.,-73.95085185,40.77748944,"(40.77748944125128, -73.95085184630011)"
Laundry,"Y Z BRITE LAUNDROMAT, INC.",-73.98194477,40.74486077,"(40.74486076597994, -73.98194477104346)"
Laundry,MR.GREEN LAUNDRY INC,-73.99052796,40.76129459,"(40.761294588800595, -73.99052796123422)"
Laundry,"HERRERA, MELINA",-73.93192914,40.85803185,"(40.85803185007194, -73.93192914204178)"
Laundry,"MOY, WILLIAM",-73.98761958,40.73598224,"(40.73598224487423, -73.98761958106813)"
Laundry,CLEAN RITE WHOLESALE LAUNDRY INC.,-73.94866129,40.78073551,"(40.780735509210636, -73.9486612901511)"
Laundry,"FORTUNE TWO, INC.",-73.93599647,40.80123781,"(40.80123780527554, -73.93599647187226)"
Laundry,"SECOND WAVE LAUNDERCENTER, INC.",-73.98658139,40.76670683,"(40.766706828168005, -73.98658139128003)"
Laundry,"HONG WAH LAUNDROMAT, INC.",-73.99819228,40.73269743,"(40.73269742593932, -73.99819228093783)"
Laundry,CHINESE LAUNDRY INC,-73.97471408,40.78844864,"(40.78844863817927, -73.97471407540696)"
Laundry,"CHONG, LIAN WAH",-73.95845512,40.76712006,"(40.76712006465448, -73.95845512174301)"
Laundry,"C.U. LAUNDERETTE, INC.",-73.98318476,40.77925807,"(40.779258071452674, -73.9831847619369)"
Laundry,Aces Laundry Service LLC,-73.9266838,40.8612564,"(40.86125640378806, -73.9266838048094)"
Laundry,"H & J LAUNDRY, INC.",-73.95755442,40.76993035,"(40.76993035068809, -73.95755441901854)"
Laundry,Whang Laundry Services Inc.,,,
Laundry,EL MUNDO LAUNDROMAT CORP.,-73.92934368,40.85530481,"(40.8553048067671, -73.92934368311228)"
Laundry,"COSMO'S LAUNDERAMA, INC.",-73.98556469,40.72723447,"(40.727234472026964, -73.9855646884481)"
Laundry,ACE MAX LLC,-73.94104566,40.79749394,"(40.79749394464982, -73.94104566479243)"
Laundry,1457 INC.,-73.95123983,40.77030663,"(40.770306625547555, -73.95123983474444)"
Laundry,A & F LAUNDROMAT CORP.,-73.94788758,40.79584766,"(40.795847658881804, -73.94788757874042)"
Laundry,NEW 62 RED STAR LAUNDROMAT INC.,-73.991025,40.71592662,"(40.71592662189501, -73.99102500329076)"
Laundry,"AVENUE A LAUNDRY KING, INC.",-73.98386214,40.72562033,"(40.72562032901139, -73.98386213828911)"
Laundry,NEW QUICK COIN INC.,-74.00058823,40.74239739,"(40.74239739401756, -74.0005882257616)"
Laundry,"C11 CLEANERS, INC.",-73.97691306,40.72672528,"(40.72672528239769, -73.9769130583659)"
Laundry,STYLE CLEANER & LAUNDRY CORP,-73.94999401,40.78029968,"(40.780299682253656, -73.94999401202705)"
Laundry,MISR LENOX CORP.,-73.93967111,40.8157484,"(40.81574839729669, -73.93967110931786)"
Laundry,"LOUIE, BENNY GEHS",-73.99276529,40.73473382,"(40.73473382032559, -73.99276529442523)"
Laundry,LIZNEL LAUNDROMAT CORP,-73.92104135,40.86661033,"(40.86661033188839, -73.92104135469238)"
Laundry,"MEI HE LAUNDROMET, INC.",-73.9438125,40.81004421,"(40.81004421317667, -73.94381249567378)"
Laundry,NOERLUND LLC,-73.98349519,40.72136316,"(40.72136315753381, -73.98349519310425)"
Laundry,"EVERCLEAN LAUNDROMAT, INC.",-73.99790704,40.73869745,"(40.73869745166186, -73.99790704296768)"
Laundry,"ROBINSON, LEROY",-73.94896557,40.80302011,"(40.803020114580356, -73.94896557374193)"
Laundry,"JOO, KWANG-SUCK",-73.95327624,40.77513547,"(40.77513546507943, -73.9532762437015)"
Laundry,LAU'S WASH & DRY INC.,-73.98720774,40.71972226,"(40.71972226402891, -73.98720773679092)"
Laundry,DARYA LAUNDROMAT CORP.,-73.92314787,40.86462185,"(40.864621848335986, -73.92314786738619)"
Laundry,"SZETO, FOON",-73.99562398,40.72118859,"(40.72118859282023, -73.99562398290365)"
Laundry,"O'HENRY LAUNDROMAT, INC.",-73.99579045,40.71291864,"(40.71291863653563, -73.99579045478944)"
Laundry,115TH STREET AND FIRST AVE LAUNDROMAT INC,-73.93595529,40.79523781,"(40.795237806023, -73.93595528946027)"
Laundry,METROPOLITAN LAUNDRY INC.,-73.94271276,40.83703522,"(40.83703521917772, -73.94271276381586)"
Laundry,NEW TEAM CLEANERS INC.,-73.98279131,40.72292482,"(40.72292482199624, -73.98279130628568)"
Laundry,"GREEN CITY CLEANERS, INC.",-73.98950456,40.7729322,"(40.77293220124368, -73.98950456227136)"
Laundry,NAXOS CORP.,-73.93943288,40.85124838,"(40.851248383870384, -73.93943287576228)"
Laundry,ALICE DFH LAUNDROMAT INC.,-73.94050405,40.793286,"(40.79328599592451, -73.9405040536952)"
Laundry,A BIG SELF SERVICE LAUNDRY LLC,-73.98386214,40.72562033,"(40.72562032901139, -73.98386213828911)"
Laundry,W S 409 LAUNDROMAT INC.,-73.97804888,40.78351155,"(40.783511546814516, -73.97804888069093)"
Laundry,X'TRA KLEEN INC.,-73.97182317,40.79295756,"(40.79295756086353, -73.97182317255267)"
Laundry,"WATER FALL LAUNDROMAT,,INC.",-73.92043875,40.86562457,"(40.86562457157314, -73.92043874739308)"
Laundry,"COUTURE CLEANERS, LLC",-74.00850112,40.73386639,"(40.73386639160835, -74.0085011194274)"
Laundry,1590 CORP.,-73.94872698,40.78921677,"(40.78921676609118, -73.94872697587901)"
Laundry,"ROSE AND ELI, INC.",-73.93345416,40.85494221,"(40.85494220552851, -73.93345415785738)"
Laundry,"MURRAY HILL CLEANERS & LAUNDRY, INC.",-73.97764637,40.74553522,"(40.74553522035537, -73.97764636803001)"
Laundry,BERKELY SUTTON CLEANERS CORP.,-73.97719929,40.73374642,"(40.73374642372443, -73.97719928800149)"
Laundry,WEST 79TH ST. LAUNDROMAT LLC,-73.97908164,40.7834541,"(40.78345409948699, -73.97908163771659)"
Laundry,A-TIP LAUNDROMAT CORP.,-73.95711086,40.76915617,"(40.76915616970797, -73.9571108581545)"
Laundry,JESSICA PARK,-73.95309733,40.7677246,"(40.76772459590328, -73.9530973267934)"
Laundry,"PYUN CLEANERS, INC.",-73.95392514,40.78178897,"(40.78178896767659, -73.95392514456533)"
Laundry,CLEAN ACTION LAUNDROMAT INC,-73.95194093,40.82436709,"(40.82436709095632, -73.95194092550916)"
Laundry,GENE INDUSTRIES INC.,-73.93559,40.8443022,"(40.84430219628477, -73.93558999609955)"
Laundry,"PULLEY, JUNGNAM",-73.95965179,40.77023028,"(40.77023028089544, -73.9596517863678)"
Laundry,"185-115 LAUNDROMAT, INC.",-73.94104566,40.79749394,"(40.79749394464982, -73.94104566479243)"
Laundry,"MIDWAY CLEANERS, INC.",-73.97671091,40.74767868,"(40.74767868405495, -73.9767109092079)"
Laundry,"COTTON WHITE LAUNDROMAT, INC.",-74.00075059,40.73989692,"(40.7398969247913, -74.0007505912067)"
Laundry,"PRESTIGE LAUND-CLEAN, INC.",-73.98191154,40.73433738,"(40.734337382420215, -73.98191153940823)"
Laundry,"MAX J. CLEANERS, INC.",-73.95283404,40.76736493,"(40.767364927346776, -73.95283404275959)"
Laundry,"OTIMO CLEANERS, INC",-73.94306762,40.78977403,"(40.78977403478135, -73.94306761502507)"
Laundry,"JT CHELSEA CLEANERS, INC.",-73.99989534,40.74419795,"(40.74419795166928, -73.99989534350853)"
Laundry,"DDK CLEANING, INC.",-73.98924276,40.73973174,"(40.73973173974293, -73.98924275555062)"
Laundry,NYC1 LAUNDROMAT INC,-73.93831354,40.80317136,"(40.80317135606646, -73.93831354415155)"
Laundry,"TIO, ANTONIUS & PANGESTU, SUSANNA",-74.00021654,40.74601498,"(40.74601497574642, -74.00021653657767)"
Laundry,"AVENUE C. LAUNDROMAT, INC.",-73.97980417,40.72280357,"(40.722803567425004, -73.97980417350642)"
Laundry,NABI CLEANERS INC.,-73.98251016,40.73570162,"(40.735701617403166, -73.98251016087694)"
Laundry,EVERGREEN CLEANERS 144 ST INC.,-73.94252335,40.82202977,"(40.82202977185096, -73.94252335010536)"
Laundry,"BRIGHT WHITE 29, INC",-73.98067882,40.74220364,"(40.74220364230217, -73.98067882457329)"
Laundry,"UP ALL NIGHT LAUNDRY, INC.",-73.94189952,40.83303028,"(40.833030277893116, -73.94189952420804)"
Laundry,KIM N.Y. INC.,-73.98029864,40.73427673,"(40.73427673319293, -73.98029864251585)"
Laundry,178 LAUNDROMAT INC.,-74.00321112,40.72867907,"(40.72867907384488, -74.00321112365252)"
Laundry,"RAMOS, PEDRO",-77.51958437,40.11238534,"(40.11238533659802, -77.51958437167269)"
Laundry,THE HIGHEST LAUNDROMAT INC.,-73.93990736,40.83817559,"(40.83817559124748, -73.93990736195413)"
Laundry,"B & M LAUNDROMAT, INC.",-73.95631213,40.7704953,"(40.770495302760544, -73.95631212606018)"
Laundry,"YUEN, WANDA B Y",-73.95199376,40.7711633,"(40.77116330093781, -73.95199376152893)"
Laundry,Dirt Free inc,-73.94580385,40.79117242,"(40.79117242230543, -73.94580385400756)"
Laundry,"LIN, SONG & HUANG, BI JIN",-73.991025,40.71592662,"(40.71592662189501, -73.99102500329076)"
Laundry,"CHEUNG, RUI-JUAN",-73.98327476,40.73721409,"(40.73721408988366, -73.98327475873027)"
Laundry,"LCR 7TH AVENUE, LLC",-73.94909548,40.80790304,"(40.80790303782589, -73.94909548479804)"
Laundry,"BIRDHAR, INC.",-73.9524208,40.77479202,"(40.77479202278058, -73.95242079545311)"
Laundry,THE MAT WEST CORP.,-73.9500663,40.7802009,"(40.78020090311053, -73.95006630213699)"
Laundry,"CURASAO LAUNDROMAT, INC.",-77.51958437,40.11238534,"(40.11238533659802, -77.51958437167269)"
Laundry,NEW YORK RELIABLE LAUNDRY & CLEANERS INC.,-73.98472214,40.71978235,"(40.71978234572746, -73.98472214224182)"
Laundry,"A G HOPE, INC.",-73.98417683,40.73740361,"(40.737403605293615, -73.98417683030804)"
Laundry,THOMPSON STREET LAUNDROMAT INC.,-74.00020565,40.72780903,"(40.727809030767716, -74.00020565354885)"
Laundry,ATMI JUNIOR LAUNDROMAT INC.,-73.94772643,40.78949353,"(40.789493534567136, -73.94772643251716)"
Laundry,CHESTERFIELD CLEANERS CO. INC.,,,
Laundry,"14TH STREET LAUNDROMAT, INC.",-73.98177894,40.7310217,"(40.73102169815808, -73.98177893860336)"
Laundry,"MANLEY LAUNDROMAT, INC.",-73.98918567,40.71345343,"(40.713453434071205, -73.98918567452753)"
Laundry,"GAO & CHENG, INC.",-73.96007759,40.76454607,"(40.764546070630075, -73.96007759374963)"
Laundry,"TORRES, CANDIDO",-73.94397718,40.82038915,"(40.82038914593883, -73.94397718395447)"
Laundry,"15TH ST. BRIGHT & CLEAN, INC.",-74.00094185,40.73999573,"(40.739995734443475, -74.00094184901674)"
Laundry,HUDA LAUNDROMAT INC,-74.00182179,40.71945672,"(40.71945671863936, -74.001821789949)"
Laundry,BANDO CLEANERS INC,-73.98385364,40.7755665,"(40.775566496365364, -73.98385364485596)"
Laundry,EXCELLENT LAUNDRY SERVICE INC,-73.95949606,40.76510031,"(40.76510030554106, -73.95949605515234)"
Laundry,"BUBBLES R US, INC.",-73.93980507,40.83539515,"(40.83539514565834, -73.93980507335834)"
Laundry,THE HIGHEST LAUNDROMAT INC.,-73.93990736,40.83817559,"(40.83817559124748, -73.93990736195413)"
Laundry,"ROYAL IMPEX, INC.",-73.94499258,40.79398813,"(40.79398813166252, -73.94499257584965)"
Laundry,"LI & P LAUNDROMAT, INC.",-74.00367339,40.73666081,"(40.73666080576198, -74.0036733881623)"
Laundry,YUHHSAN INC.,-73.97663162,40.77823314,"(40.77823314231483, -73.97663161986452)"
Laundry,FEI'S LAUNDRY & CLEANERS INC.,-73.95846139,40.76864889,"(40.76864888754607, -73.95846138838535)"
Laundry,GALO RAFAEL POZO,-73.93231378,40.79622108,"(40.79622108307682, -73.93231378440585)"
Laundry,"SAENID LAUNDROMAT, INC.",-73.93702603,40.80489435,"(40.80489434776901, -73.93702602685055)"
Laundry,"ZHAN, JIAN AI",-73.95195815,40.78048442,"(40.780484415127354, -73.95195815488185)"
Laundry,"50TH STREET LAUNDRY & CLEANER, INC.",-73.96810362,40.7546922,"(40.754692196419604, -73.96810361593819)"
Laundry,C.H UNITED CENTURY CORP,-73.9817226,40.73909126,"(40.739091264606, -73.98172260327262)"
Laundry,"ZHAO, QIANG",-73.95212008,40.77121825,"(40.77121824829059, -73.95212008274538)"
Laundry,KIM & SUNG CORP,-73.97924818,40.73570931,"(40.735709310050886, -73.97924817893919)"
Laundry,HAPPY WASKO CORP.,-73.94379073,40.78876158,"(40.78876158355532, -73.94379073296125)"
Laundry,11 GOODLY LAUNDROMAT INC.,-73.97402264,40.74649512,"(40.746495122329634, -73.97402264096368)"
Laundry,FREE ORIENTAL OASIS INC.,-73.98132548,40.73974994,"(40.7397499413419, -73.9813254761774)"
Laundry,SUPER KINGDOM LAUNDROMAT INC.,-73.94550541,40.81605597,"(40.81605596637426, -73.94550540873966)"
Laundry,GOOD LOOKING LIN LAUNDROMAT INC,-73.95157212,40.78500758,"(40.78500757642161, -73.95157211917409)"
Laundry,NEW TEAM CLEANERS INC.,-73.98452032,40.71892321,"(40.718923209076685, -73.9845203205241)"
Laundry,WONDER WASH AND DRY INC.,-73.99747128,40.71573756,"(40.715737555477965, -73.99747128021042)"
Laundry,1793 ACTION LAUNDROMAT INC.,-73.94587899,40.82758121,"(40.827581212223215, -73.94587898666991)"
Laundry,"METRO WASH, INC.",-73.94837379,40.82554578,"(40.82554577713158, -73.94837378956029)"
Laundry,VILLAGE BLEACHERS LAUNDROMAT INC.,-73.99365668,40.7334356,"(40.73343560430546, -73.99365667600847)"
Laundry,JIA LIN GU,-73.95195815,40.78048442,"(40.780484415127354, -73.95195815488185)"
Laundry,CAPITAL LAUNDRY & CLEANERS INC,-73.98279131,40.72292482,"(40.72292482199624, -73.98279130628568)"
Laundry,LAUNDRY 201 LLC,-73.96169855,40.80205342,"(40.8020534153536, -73.96169855025609)"
Laundry,A1 LAUNDROMAT INC,-73.94499258,40.79398813,"(40.79398813166252, -73.94499257584965)"
Laundry,R & P OF BROOKLYN CORP,-73.94645686,40.79198517,"(40.791985167919314, -73.94645686222918)"
Laundry,"PEOPLES' LAUNDROMAT, INC.",-73.94665089,40.81125324,"(40.8112532395737, -73.94665088518836)"
Laundry,1717 1ST AVE. CORP.,-73.94807795,40.77866846,"(40.77866846157406, -73.94807794825803)"
Laundry,"MISR CLEANING CENTER, CORP.",-73.94855783,40.79781044,"(40.79781044104941, -73.94855782800633)"
Laundry,NEW YORK RELIABLE LAUNDRY & CLEANERS INC.,-73.95494536,40.76824134,"(40.76824134466682, -73.95494535858795)"
Laundry,OFF-BROADWAY LAUNDROMAT INC,-73.96756204,40.79950262,"(40.79950261851591, -73.9675620392451)"
Laundry,"1320 2ND AVE. CLEANERS, INC.",-73.95951643,40.76720827,"(40.76720827417718, -73.95951643370331)"
Laundry,"LEE'S EVERCLEAN LAUNDROMAT, INC.",-73.95470659,40.76897135,"(40.768971352044204, -73.95470659235558)"
Laundry,NEW LAUNDROMAT INC.,-73.99308845,40.71527077,"(40.715270766449244, -73.99308845479342)"
Laundry,85TH LAUNDROMAT INC.,-73.97752743,40.78786185,"(40.78786184840767, -73.97752743195493)"
Laundry,"LAUNDROMAT PLUS, INC.",-73.94645686,40.79198517,"(40.791985167919314, -73.94645686222918)"
Laundry,"HOYAA LAUNDRY, INC.",-73.97263938,40.78414168,"(40.78414167829297, -73.97263938048441)"
Laundry,CAMILA LAUNDROMAT CORP,-73.92150906,40.86856488,"(40.868564875037684, -73.92150906127763)"
Laundry,"TRINH, NICK",-73.95645,40.81361782,"(40.81361781825607, -73.95644999895117)"
Laundry,ALLYSON JOY LAUNDROMAT INC,-73.97890003,40.72980802,"(40.72980802477656, -73.97890003433902)"
Laundry,THANG QUAY LAM,-73.94862374,40.77792488,"(40.777924882564015, -73.94862373968023)"
Laundry,"CHELSEA LAUNDRY, INC.",-73.99327297,40.74559483,"(40.74559483285361, -73.99327297273746)"
Laundry,"P&K LAUNDROMAT, INC.",-73.9775142,40.78427448,"(40.78427447976589, -73.97751419867461)"
Laundry,MADISON AVENUE LAUNDRY LLC,-73.94403436,40.79965554,"(40.799655535529105, -73.94403436374232)"
Laundry,JIN 75 LAUNDRY & DRY CLEANING INC,-73.95627603,40.77048157,"(40.77048156537044, -73.95627603237921)"
Laundry,"LAB-MART, INC.",-73.94683387,40.77212444,"(40.77212443911828, -73.94683386638162)"
Laundry,"88 LAUNDROMAT, INC.",-73.97507819,40.79011202,"(40.79011202488628, -73.97507818833253)"
Laundry,"L & D LAUNDROMAT, INC.",-73.98940222,40.71270139,"(40.712701389511814, -73.98940222489767)"
Laundry,"140 GREEN LAUNDROMAT, INC.",-73.94860965,40.82425861,"(40.824258610529974, -73.9486096453609)"
Laundry,95 SUPER CLEAN LAUNDRY INC.,-73.9470199,40.78334226,"(40.78334226465995, -73.94701990130868)"
Laundry,THANK YOU & GOOD LUCK CORP,-73.93599869,40.79517745,"(40.7951774460734, -73.93599868683809)"
Laundry,CLEAN CITY OF MANHATTAN INC.,-73.94408567,40.79876901,"(40.79876901333476, -73.94408567431914)"
Laundry,1ST AVENUE LAUNDRY CENTER INC.,-73.98791042,40.72401514,"(40.72401514218212, -73.98791042433999)"
Laundry,"WP & M NYC, INC",-73.94890157,40.77347304,"(40.773473041467085, -73.94890156703579)"
Laundry,K & J LAUNDROMAT CORP.,-73.94445957,40.7878534,"(40.787853401344364, -73.94445957383111)"
Laundry,QUICK COIN FOUR INC.,-73.99678099,40.74255106,"(40.74255105656924, -73.9967809902477)"
Laundry,35 ALLEN LAUNDROMAT CORP.,-73.99207834,40.71589651,"(40.71589650682624, -73.99207834249968)"
Laundry,"PARK'S NY CLEANERS, INC.",-73.99637701,40.73890601,"(40.738906014846904, -73.99637700786461)"
Laundry,NEW RED STAR LAUNDROMAT INC,-73.991025,40.71592662,"(40.71592662189501, -73.99102500329076)"
Laundry,"KIM'S NY LAUNDROMAT, INC",-73.9809206,40.72962448,"(40.72962447867551, -73.98092060347234)"
Laundry,AQUA LAUNDROMAT LLC,-73.92806937,40.86038172,"(40.8603817166606, -73.92806937162393)"
Laundry,725 W 181 STREET LAUNDRY CORP,-73.93713458,40.85058843,"(40.85058842527158, -73.93713457986931)"
Laundry,183 BROADWAY LAUNDROMAT  INC.,-73.93498645,40.85165767,"(40.85165766934864, -73.9349864518418)"
Laundry,PALACE 75 CLEANERS INC,-73.95631213,40.7704953,"(40.770495302760544, -73.95631212606018)"
Laundry,JAVISA LAUNDROMAT CORP.,-73.93593993,40.84122557,"(40.84122557315949, -73.9359399293713)"
Laundry,"CLEAN RITE CENTER - 370-376 LENOX AVE., LLC",-77.51958437,40.11238534,"(40.11238533659802, -77.51958437167269)"
Laundry,MANHATTAN10021 LLC,-73.95722061,40.77252126,"(40.77252126128385, -73.9572206126963)"
Laundry,SYMPHONY 44 CLEANERS INC.,-73.97245783,40.75163293,"(40.75163292737109, -73.97245783326984)"
Laundry,HAPPY SOAP LAUNDROMAT CORP.,-73.9402365,40.79362071,"(40.79362071461773, -73.94023650174654)"
Laundry,"568 WEST 184 LAUNDROMAT, INC.",-73.93172691,40.85078846,"(40.85078845976948, -73.93172690635691)"
Laundry,"L&W LAUNDRY SERVICE, INC.",-73.93648985,40.8027614,"(40.8027614015308, -73.93648985369957)"
Laundry,"M & R LAUNDRY, INC.",-73.93834824,40.84760833,"(40.84760833038331, -73.93834823897033)"
Laundry,CRYSTAL CLEANERS YE INC.,-73.98114624,40.73553672,"(40.73553671698135, -73.98114623821779)"
Laundry,"B.B. LAUNDROMAT, INC.",-73.94205112,40.81249163,"(40.81249163384257, -73.94205111837387)"
Laundry,KLEENER KING GROUP INC,-73.93599647,40.80123781,"(40.80123780527554, -73.93599647187226)"
Laundry,QQ LAUNDROMAT INC.,-73.94718942,40.78814014,"(40.788140136747664, -73.9471894222961)"
Laundry,YEE'S CLEANERS GROUP INC.,-73.98364102,40.72984448,"(40.72984447773833, -73.98364102320949)"
Laundry,"R&C 177 LAUNDRY, LLC",-73.99325854,40.74558934,"(40.74558934251076, -73.99325853761218)"
Laundry,SKWEEKY KLEEN LAUNDROMAT INC.,-73.93057926,40.85944457,"(40.859444566645735, -73.93057926409556)"
Laundry,1605 INC.,-73.95302641,40.77613445,"(40.776134448029715, -73.95302641302938)"
Laundry,JH LAUNDROMAT CORP.,-73.92673483,40.86088041,"(40.86088041233531, -73.92673483179104)"
Laundry,"EXCELLENT LAUNDRY & DRY CLEANER, INC",-73.9588299,40.76236631,"(40.76236630589338, -73.95882989933486)"
Laundry,"EAST VILLAGE LAUNDERETTE, INC.",-73.98486921,40.72348504,"(40.723485044441276, -73.98486921005559)"
Laundry,"B. BUBBLES, INC.",-73.9594337,40.8141404,"(40.814140403676, -73.95943369564223)"
Laundry,"9-11 LAUNDROMAT, INC.",-77.51958437,40.11238534,"(40.11238533659802, -77.51958437167269)"
Laundry,NANCY LAUNDROMAT INC.,-73.93770444,40.84420729,"(40.84420729282375, -73.93770443651049)"
Laundry,"YIU'S BROTHER, INC.",-74.00410985,40.73406974,"(40.73406974384397, -74.00410984913674)"
Laundry,154 LAUNDROMAT CORP,-73.94318875,40.79593876,"(40.79593875950957, -73.94318875061997)"
Laundry,ABSOLUTE LAUNDRY & CLEANERS CORP.,-73.98113845,40.73754862,"(40.73754861963155, -73.9811384519554)"
Laundry,JIM LEE CLEANERS LLC,-73.962405,40.76632819,"(40.76632819101128, -73.96240500390131)"
Laundry,"CHOW, ALEXANDER",-73.95085433,40.77412988,"(40.77412988340173, -73.95085432578557)"
Laundry,EAST MIDTOWN LAUNDRY & CLEANER INC,-73.96810362,40.7546922,"(40.754692196419604, -73.96810361593819)"
Laundry,"PHOENIX LAUNDROMAT, INC",-73.9834425,40.73015186,"(40.730151861973134, -73.98344250313386)"
Laundry,COMPLETE CARE CLEANERS INC.,-73.95227901,40.7811872,"(40.78118720074445, -73.95227901345437)"
Laundry,"ASHOURZADEH, M., RABANIPOUR, R. & RABANIPOUR, H.",-73.98791042,40.72401514,"(40.72401514218212, -73.98791042433999)"
Laundry,"SHARON'S LAUNDRY SERVICE, INC.",-73.98728829,40.73242775,"(40.73242775257853, -73.98728828641892)"
Laundry,SBM SUDS INC.,-73.96400982,40.80278975,"(40.802789746726496, -73.96400982030515)"
Laundry,NEW CANAL LAUNDROMAT INC.,-73.99308845,40.71527077,"(40.715270766449244, -73.99308845479342)"
Laundry,"PAN, KER CHUNG",-73.98824204,40.72568124,"(40.72568124423344, -73.98824204353899)"
Laundry,"WASH N' GO LAUNDROMAT, LLC",-73.99730886,40.71794983,"(40.7179498285817, -73.9973088622277)"
Laundry,"PAN, CALVIN KW",-73.95049706,40.78361279,"(40.783612794721954, -73.95049706118228)"
Laundry,"HERE TO CLEAN, INC.",-73.97847236,40.72459565,"(40.724595652976994, -73.97847235844762)"
Laundry,"LIU, CHING MAY",-73.97382536,40.78933499,"(40.789334988160256, -73.9738253611045)"
Laundry,QYA LAUNDROMAT INC,-73.94728999,40.77971385,"(40.77971384838182, -73.9472899852399)"
Laundry,"JCK HOLDING CO, INC.",-73.95035759,40.78663194,"(40.78663194187984, -73.9503575929079)"
Laundry,"PRINCE STREET CLEANERS, INC.",-73.99464979,40.72291775,"(40.72291774944184, -73.99464979246923)"
Laundry,"GATSCH, GEOK LIAN",-73.9672223,40.75596002,"(40.75596002155634, -73.96722229523483)"
Laundry,"B LAUNDROMAT, INC.",-73.98239792,40.72346822,"(40.72346822461068, -73.98239792426399)"
Laundry,BI LAUNDRY INC.,-73.99348787,40.76233505,"(40.76233505172704, -73.993487871628)"
Laundry,DCA LAUNDRY CORP.,-73.93996133,40.81041555,"(40.8104155542863, -73.93996132562759)"
Laundry,"THEN, NELSON",-73.93666484,40.84282888,"(40.842828883318376, -73.93666483884756)"
Laundry,"1995 LAUNDRY BOY, INC.",-73.94776738,40.78333163,"(40.78333162693301, -73.94776737978299)"
Laundry,BROWN BAG LAUNDRY CORP.,-73.99682144,40.72671932,"(40.726719318781214, -73.99682144186147)"
Laundry,"YEE, NANCY",-73.99851654,40.75432057,"(40.75432057266971, -73.99851653950155)"
Laundry,"YEE, DAVID M.",-73.99393962,40.75661503,"(40.756615030055244, -73.99393962050112)"
Laundry,14TH ST. WASH & DRY INC.,-73.97782499,40.72933847,"(40.729338469552204, -73.977824987122)"
Laundry,SUN CLEANERS INC,-73.9805167,40.71658956,"(40.716589555153384, -73.98051670430873)"
Laundry,"JEAN'S MANHATTAN CLEANERS & LAUNDROMAT, INC.",-74.00172868,40.74592164,"(40.745921641502356, -74.00172868125667)"
Laundry,3476 BROADWAY LAUNDROMAT INC,-73.95194093,40.82436709,"(40.82436709095632, -73.95194092550916)"
Laundry,965 LAUNDROMAT INC.,-73.96506892,40.80129969,"(40.801299686155275, -73.96506892453326)"
Laundry,173 E SECOND ST LAUNDRY CORP.,-73.98469265,40.72254631,"(40.722546313851666, -73.98469264724592)"
Laundry,CHANYANG CORPORATION,-73.97764637,40.74553522,"(40.74553522035537, -73.97764636803001)"
Laundry,"PARK'S NY CLEANERS, INC.",-73.99595838,40.73947691,"(40.73947690930968, -73.99595838051758)"
Laundry,"PARK, YUN K",-73.97616201,40.77884512,"(40.778845122298655, -73.9761620111828)"
Laundry,SUN BEST SERVICES INC.,-73.95349559,40.771249,"(40.771249003801984, -73.9534955891085)"
Laundry,"DONG, LIN",-73.99028193,40.71570149,"(40.71570149119274, -73.99028192947202)"
Laundry,OS BUBBLES LLC,-73.96804462,40.80243138,"(40.80243137670294, -73.96804462027002)"
Laundry,LEX 1751 INC,-73.94499258,40.79398813,"(40.79398813166252, -73.94499257584965)"
Laundry,AVENUE B BEST CLEANER INC.,-73.98239792,40.72346822,"(40.72346822461068, -73.98239792426399)"
Laundry,"HUDSON VIEW CLEANERS, INC.",-73.98950456,40.7729322,"(40.77293220124368, -73.98950456227136)"
Laundry,MADELYN LAUNDROMAT INC,-73.94247709,40.83793262,"(40.83793262225113, -73.94247708562214)"
Laundry,"SPIN CITY CLEANERS, LLC",-73.97940946,40.72756565,"(40.72756565137875, -73.97940946442722)"
Laundry,COLLECT COIN INC,-73.99125299,40.76540078,"(40.7654007807039, -73.99125298593604)"
Laundry,AQUA LAUNDROMAT LLC,-73.92806937,40.86038172,"(40.8603817166606, -73.92806937162393)"
Laundry,SGJC INC.,-73.99013771,40.76399813,"(40.76399812756307, -73.99013770566691)"
Laundry,SPARKLE INDUSTRIES INC,-73.9478813,40.79002883,"(40.790028827413664, -73.94788129939263)"
Laundry,NEW YORK RELIABLE LAUNDRY & CLEANERS INC.,-73.94856244,40.77314352,"(40.7731435219279, -73.94856244098717)"
Laundry,"LAUNDROMAT CITY, INC.",-73.94269159,40.79028986,"(40.79028985800832, -73.94269159417355)"
Laundry,CHECO LAUNDROMAT CORP.,-73.93817271,40.83812801,"(40.83812801435692, -73.93817271342299)"
Laundry,SMK LAUNDROMAT INC.,-73.95401101,40.80385663,"(40.80385663448375, -73.95401100756528)"
Laundry,"ALL PURPOSE LAUNDROMAT, INC.",-73.99966438,40.74366272,"(40.74366272496714, -73.99966438015461)"
Laundry,WASH & SCRUB LAUNDRY INC.,-73.94176538,40.81288399,"(40.81288398511282, -73.94176538373816)"
Laundry,NEW WEST LAKE INC.,-74.00184365,40.72709263,"(40.72709263478468, -74.001843646206)"
Laundry,TYS LAUNDROMAT INC,-73.9394563,40.79771819,"(40.79771818854815, -73.93945629760611)"
Laundry,CLEANTOPIA OF NY INC.,-74.00321112,40.72867907,"(40.72867907384488, -74.00321112365252)"
Laundry,"CUCI LAUNDRY SERVICES, INC.",-73.96584602,40.80027065,"(40.80027064646156, -73.96584601974453)"
Laundry,R&P OF BROOKLYN CORP,-73.94645686,40.79198517,"(40.791985167919314, -73.94645686222918)"
Laundry,"R & C 1625 LAUNDRY, LLC",-73.9478813,40.79002883,"(40.790028827413664, -73.94788129939263)"
Laundry,ROYAL SUTTON LAUNDROMAT CORP.,-73.96037526,40.76176849,"(40.761768493774206, -73.96037526194121)"
Laundry,LA COLONIA LAUNDROMAT INC.,-77.51958437,40.11238534,"(40.11238533659802, -77.51958437167269)"
Laundry,NYC 1 LAUNDROMAT INC,-73.9422471,40.80728225,"(40.807282247559066, -73.9422471039291)"
Laundry,"GOLD BULL VEND, LLC",-73.94151134,40.81832389,"(40.818323892860526, -73.94151133572831)"
Laundry,D & D LAUNDROMAT & DRY CLEANING CORP.,-73.93172691,40.85078846,"(40.85078845976948, -73.93172690635691)"
Laundry,"IPANEMA LAUNDRY, INC.",-73.95101928,40.80021041,"(40.800210405373015, -73.95101927670324)"
Laundry,FASHION LAUNDROMAT INC.,-73.98317373,40.7371729,"(40.73717290387645, -73.98317373207362)"
Laundry,FREDERICK DOUGLAS LAUNDROMAT LLC,-73.94772816,40.81489598,"(40.81489597868226, -73.94772815607688)"
Laundry,GREEN HILL SERVICES CORP,-73.93712655,40.8399664,"(40.83996640452136, -73.93712654716953)"
Laundry,L & IAN LAUNDROMAT INC,-74.00473749,40.73121518,"(40.73121517516414, -74.00473748968645)"
Laundry,CHIN WAI LIN & SHAN MING YANG,-73.99657282,40.72040911,"(40.720409113467205, -73.99657282141827)"
Laundry,"MALDONADO, HECTOR",-73.92502731,40.86511439,"(40.86511438576186, -73.92502731017048)"
Laundry,CAMBRIDGE CLEANERS' INC.,-73.97378398,40.74768903,"(40.747689034045315, -73.97378397918352)"
Laundry,"LUCKY TWO CLEANERS, INC.",-73.98005318,40.73461155,"(40.734611550897235, -73.98005317739123)"
Laundry,"OATES, DERRICK",-73.94693163,40.82614073,"(40.826140725823166, -73.94693162550972)"
Laundry,"JORGE'S LAUNDRY, INC.",-73.94926825,40.82293869,"(40.82293869333342, -73.94926825172068)"
Laundry,"DUCE LAUNDROMAT, INC.",-73.92861574,40.86666742,"(40.866667415567726, -73.928615742817)"
Laundry,PLAN 233 SPARK-WASH INC.,-74.0007218,40.74734069,"(40.74734068744729, -74.00072180295554)"
Laundry,"RIVINGTON LAUNDROMAT & DRY CLEANING, INC.",-73.98309187,40.71848659,"(40.71848659137099, -73.9830918707806)"
Laundry,JIN WU LIN,-73.93041522,40.85383704,"(40.8538370420444, -73.9304152214875)"
Laundry,"ST. NICHOLAS LAUNDROMAT, INC.",-73.94004255,40.8365453,"(40.836545303425076, -73.94004254712328)"
Laundry,"80TH ST CLEANERS, INC.",-73.95574985,40.77453534,"(40.77453534392714, -73.95574984979558)"
Laundry,EAST 26 STREET & 2ND AVE. LAUNDROMAT INC.,-73.97968001,40.73956576,"(40.739565764401256, -73.97968000906053)"
Laundry,"XTREEM KLEEN, LLC",-73.9695433,40.79520217,"(40.79520216984181, -73.96954329681198)"
Laundry,MULBERRY LAUNDROMAT INC.,-73.99657282,40.72040911,"(40.720409113467205, -73.99657282141827)"
Laundry,LEE LAUNDROMAT MANHATTAN INC.,-73.93770444,40.84420729,"(40.84420729282375, -73.93770443651049)"
Laundry,CSJS CLEANERS CORP.,-73.98121673,40.74149559,"(40.741495585546254, -73.98121672594459)"
Laundry,CHEN UP & UP LAUNDROMAT INC,-73.98601303,40.72266725,"(40.72266725118519, -73.98601302986772)"
Laundry,"ACM Suds 3802, LLC",-73.94431195,40.83482102,"(40.834821020371336, -73.9443119526691)"
Laundry,"CHAN, KA-TING",-73.98143981,40.78272715,"(40.782727148826616, -73.9814398052758)"
Laundry,"YOO, KWANG",-73.99865027,40.74505156,"(40.74505156099127, -73.99865027485096)"
Laundry,POLY ORGANIC CORP.,-73.97856143,40.78414842,"(40.784148421583325, -73.97856143414334)"
Laundry,"97 SECOND AVE. LAUNDERETTE, INC.",-73.98870359,40.72718816,"(40.727188161896876, -73.98870359185675)"
Laundry,UPTOWN LAUNDROMAT INC.,-73.93760332,40.8287106,"(40.82871059873495, -73.9376033154858)"
Laundry,MANNY INTERNATIONAL BUSINESS CORPORATION,-73.94463816,40.82931528,"(40.82931528294547, -73.9446381587846)"
Laundry,"DOBBINS, AKIE",-73.94906918,40.78090586,"(40.78090586381329, -73.94906918312053)"
Laundry,"45 GROVE ST. LAUNDROMAT, INC.",-74.00427214,40.73282911,"(40.73282910909026, -74.00427214291429)"
Laundry,UPTOWN DRY CLEANERS CORP.,-73.94417856,40.79136927,"(40.79136926724919, -73.94417856275537)"
Laundry,LC LAUNDROMAT INC.,-73.9853442,40.74546784,"(40.74546783838116, -73.98534420292951)"
Laundry,"HWANG, KEE CHUNG",-73.9528239,40.77149576,"(40.771495757295604, -73.95282389647284)"
Laundry,"BUBBLY BOB'S FAMILY LAUNDROMAT, INC.",-73.94905932,40.80795243,"(40.80795242688416, -73.94905932400574)"
Laundry,MRM PARTNERS LLC,-73.93625441,40.84116811,"(40.84116810849943, -73.93625441191773)"
Laundry,"W.R. LAUNDROMAT, INC.",-73.92654488,40.86265611,"(40.862656112082476, -73.92654488130137)"
Laundry,NEW UP & UP LAUNDROMAT INC.,-73.98601303,40.72266725,"(40.72266725118519, -73.98601302986772)"
Laundry,"SUPER WASCO, LTD.",-73.98771524,40.76515618,"(40.765156175795106, -73.9877152374793)"
Laundry,"ACELUCK OF P & N, INC.",-73.98067882,40.74220364,"(40.74220364230217, -73.98067882457329)"
Laundry,SOHAIL LAUNDROMAT INC.,-73.98179048,40.7812176,"(40.78121760067394, -73.98179047859779)"
Laundry,KING LAUNDROMAT MANAGEMENT LLC,-73.9438125,40.81004421,"(40.81004421317667, -73.94381249567378)"
Laundry,"CITY SUPER LAUNDRY, INC.",-73.98469265,40.72254631,"(40.722546313851666, -73.98469264724592)"
Laundry,YORKVILLE CT LLC,-73.94211685,40.79505991,"(40.795059912774526, -73.9421168546663)"
Laundry,NEW STAR WANG LAUNDROMAT INC.,-73.93041522,40.85383704,"(40.8538370420444, -73.9304152214875)"
Laundry,KAN'S HOLDING LTD.,-73.99870849,40.72047503,"(40.7204750314471, -73.99870849353105)"
Laundry,W P & N ENTERPRISES INC,-73.94890157,40.77347304,"(40.773473041467085, -73.94890156703579)"
Laundry,EVERGREEN LAUNDRY NY INC.,-73.98177894,40.7310217,"(40.73102169815808, -73.98177893860336)"
Laundry,TW LAUNDRY INC.,-73.97244868,40.7912203,"(40.791220297673014, -73.97244867891376)"
Laundry,TRITRONG OF P & P INC.,-73.93498645,40.85165767,"(40.85165766934864, -73.9349864518418)"
Laundry,"9-11 LAUNDROMAT, INC.",-77.51958437,40.11238534,"(40.11238533659802, -77.51958437167269)"
Laundry,"GOTAY, MARINA",-73.94016194,40.79219342,"(40.792193415993864, -73.94016194263209)"
Laundry,"JENNY YANG'S LAUNDROMAT, INC",-73.98291985,40.72812616,"(40.728126155879075, -73.98291985018571)"
Laundry,"M. I LAUNDROMAT 78, INC.",-73.9528239,40.77149576,"(40.771495757295604, -73.95282389647284)"
Laundry,AAA LAUNDRY SERVICES INC,-73.93745928,40.79741795,"(40.79741794690165, -73.93745928366864)"
Laundry,"173RD SIMPLY CLEAN, INC.",-73.93770444,40.84420729,"(40.84420729282375, -73.93770443651049)"
Laundry,"HEW, CHONG MEN",-73.97460811,40.7916874,"(40.79168739787054, -73.97460811414409)"
Laundry,R & V LAUNDROMAT CORP,-73.94676079,40.79578676,"(40.79578675989836, -73.9467607941624)"
Laundry,"R&C 177 LAUNDRY, LLC",-74.00623154,40.73419865,"(40.734198652007166, -74.00623153923942)"
Laundry,CRAIG'S WORLD LIMITED LIABILITY COMPANY,-73.97804888,40.78351155,"(40.783511546814516, -73.97804888069093)"
Laundry,"GIM, CHIN YORK",-73.962405,40.76632819,"(40.76632819101128, -73.96240500390131)"
Laundry,CHRISTOPHER STREET CLEANERS INC,-74.00549175,40.73319685,"(40.73319685445523, -74.0054917545625)"
Laundry,"HUANG, PEI YAN",-73.98105824,40.74044432,"(40.74044431985478, -73.98105824209722)"
Laundry,"CHRIS & RAY LAUNDROMAT, INC.",-73.94463816,40.82931528,"(40.82931528294547, -73.9446381587846)"
Laundry,"BOOGALOO BUBBLES, INC.",-73.92150906,40.86856488,"(40.868564875037684, -73.92150906127763)"
Laundry,NANCY LAUNDROMAT INC.,-73.93770444,40.84420729,"(40.84420729282375, -73.93770443651049)"
Laundry,"KLAPALZ, IWONA",-73.98349519,40.72136316,"(40.72136315753381, -73.98349519310425)"
Laundry,JSJ LAUNDROMAT INC.,-73.94252335,40.82202977,"(40.82202977185096, -73.94252335010536)"
Laundry,S & K LAUNDROMAT INC.,-73.97856143,40.78414842,"(40.784148421583325, -73.97856143414334)"
Laundry,A1 LAUNDROMAT INC,-73.94499258,40.79398813,"(40.79398813166252, -73.94499257584965)"
Laundry,"WELL MORE LAUNDROMAT, INC.",-73.99966438,40.74366272,"(40.74366272496714, -73.99966438015461)"
Laundry,"C & W FORMOSA, INC.",-73.99741958,40.74675054,"(40.746750539803045, -73.99741957729205)"
Laundry,"CHEN, MIN YU",-73.96810362,40.7546922,"(40.754692196419604, -73.96810361593819)"
Laundry,"PRESSED AND READY, LLC",-73.93906197,40.79842338,"(40.79842337596781, -73.9390619716654)"
Laundry,"CHEN, DE QIANG",-73.94997643,40.77966839,"(40.779668385356636, -73.9499764322833)"
Laundry,7TH AVE SUDS L.L.C.,-73.93965205,40.82083161,"(40.82083160781868, -73.93965204898579)"
Laundry,"J.G. LAUNDROMAT, INC.",-73.93972864,40.8359962,"(40.83599619756279, -73.93972863922126)"
Laundry,"708 SPLASHING LAUNDROMAT II, INC.",-73.93834824,40.84760833,"(40.84760833038331, -73.93834823897033)"
Laundry,"NISHI LAUNDROMAT, INC.",-73.99989534,40.74419795,"(40.74419795166928, -73.99989534350853)"
Laundry,"YEUNG, KENNETH & MO, EDWIN",-73.98940222,40.71270139,"(40.712701389511814, -73.98940222489767)"
Laundry,"TWO FUTURE DREAMS, INC.",-74.00427214,40.73282911,"(40.73282910909026, -74.00427214291429)"
Laundry,LIBERTY LAUNDRY INC.,-73.96584602,40.80027065,"(40.80027064646156, -73.96584601974453)"
Laundry,AWESOME LAUNDRY & CLEANER INC.,-73.95585758,40.77541096,"(40.7754109566501, -73.95585758404665)"
Laundry,NEW SHUMAN ENTERPRISES INC.,-73.94397718,40.82038915,"(40.82038914593883, -73.94397718395447)"
Laundry,AUDOBON SUPER LAUNDROMAT INC.,-73.93318319,40.84759996,"(40.84759996487129, -73.93318319003987)"
Laundry,"UPTOWN SUPER LAUNDRY, INC.",-73.93943288,40.85124838,"(40.851248383870384, -73.93943287576228)"
Laundry,80TH LAUNDROMAT CORP.,-73.97856143,40.78414842,"(40.784148421583325, -73.97856143414334)"
Laundry,CHOW & LAM CORP.,-73.98607294,40.72945504,"(40.729455042265336, -73.98607294193111)"
Laundry,LAUNDROMAT CAFE INC.,-73.99013771,40.76399813,"(40.76399812756307, -73.99013770566691)"
Laundry,1717 1ST AVE. CORP.,-73.94807795,40.77866846,"(40.77866846157406, -73.94807794825803)"
Laundry,"NEIGHBORHOOD LAUNDRY & DRY CLEANERS, INC.",-73.94728999,40.77971385,"(40.77971384838182, -73.9472899852399)"
Laundry,JIANG'S LAUNDRY I INC.,-73.98466009,40.7385894,"(40.738589403711345, -73.98466009317058)"
Laundry,444 INC.,-73.95051929,40.77313889,"(40.7731388893906, -73.95051928867778)"
Laundry,"ROYAL IMPAX USA, INC.",-73.9422471,40.80728225,"(40.807282247559066, -73.9422471039291)"
Laundry,GLOBAL WASH & CLEANER CORP,-73.95892531,40.76569846,"(40.765698457190354, -73.95892530981271)"
Laundry,N & C LAUNDROMAT INC.,-73.94269159,40.79028986,"(40.79028985800832, -73.94269159417355)"
Laundry,LAUNDROMAT BROOME ST. CORP.,-74.00382059,40.7237632,"(40.72376319578811, -74.00382059450499)"
Laundry,MEE YEE LLC,-73.99685431,40.71825174,"(40.718251740639424, -73.99685431264386)"
Laundry,"FINE TOUCH KLEAN, INC.",-73.95471701,40.76957794,"(40.76957794374569, -73.95471701046942)"
Laundry,"JENNIFER'S LAUNDROMAT, INC.",-73.92506323,40.8621172,"(40.86211719827297, -73.92506322622948)"
Laundry,"46TH STREET CLEANING & LAUNDERING, INC.",-73.96979036,40.75215376,"(40.752153760620686, -73.96979036316391)"
Laundry,103 CLEANERS INC.,-73.96790188,40.79882477,"(40.798824765956994, -73.96790187934376)"
Laundry,"EXCELLENT CLEANER & LAUNDRY, CORP.",-73.98285729,40.77496525,"(40.77496525492854, -73.9828572893312)"
Laundry,TLR LLC,-73.95094892,40.80256535,"(40.802565351023446, -73.95094891565394)"
Laundry,121 ELIZABETH LAUNDROMAT INC.,-73.99550145,40.7192947,"(40.71929470436479, -73.99550145238646)"
Laundry,"LI, GUI MEI",-73.98950193,40.72092745,"(40.7209274452878, -73.98950192920205)"
Laundry,"D & J SUPREME CLEANERS, INC.",-73.94341613,40.82585909,"(40.8258590934099, -73.94341613440025)"
Laundry,"YEUNG, YIN PING",-74.00020565,40.72780903,"(40.727809030767716, -74.00020565354885)"
Laundry,"FORTUNE ONE, INC.",-73.93745928,40.79741795,"(40.79741794690165, -73.93745928366864)"
Laundry,"NIKY'S LAUNDRY PLACE, INC.",-73.94788758,40.79584766,"(40.795847658881804, -73.94788757874042)"
Laundry,AWESOME LAUNDRY & CLEANER INC.,-73.95585758,40.77541096,"(40.7754109566501, -73.95585758404665)"
Laundry,"ARNETT, SARAH",-73.95892531,40.76569846,"(40.765698457190354, -73.95892530981271)"
Laundry,"YIP, YING KOON",-73.96607808,40.80559274,"(40.80559273844738, -73.96607808014139)"
Laundry,"LIVING DASHES, LLC",-73.92858706,40.85633909,"(40.856339093649105, -73.92858706387214)"
Laundry,"YORKVILLE LAUNDROMAT, INC.",-73.9500663,40.7802009,"(40.78020090311053, -73.95006630213699)"
Laundry,CRYSTAL LAUNDRY & CLEANERS INC.,-73.94445957,40.7878534,"(40.787853401344364, -73.94445957383111)"
Laundry,N & N LAUNDROMAT CORP.,-73.9547296,40.77229799,"(40.772297985654674, -73.95472960237112)"
Laundry,THOMPSON STREET LAUNDROMAT INC.,-73.99877326,40.72950254,"(40.729502538804404, -73.99877326344594)"
Laundry,HBH LAUNDRY CORP.,-73.97924675,40.77506622,"(40.77506621650748, -73.9792467458698)"
Laundry,UP ALL NIGHT LAUNDRY 2 INC,-73.94009167,40.83015015,"(40.83015014859932, -73.94009167204315)"
Laundry,"KD LAUNDROMAT, INC.",-73.98099329,40.74041686,"(40.7404168616397, -73.98099329438678)"
Laundry,SUPER LAUNDRY EQUIPMENT CORP.,-73.95010732,40.82183568,"(40.82183568302372, -73.95010732151046)"
Laundry,J AND G LAUNDRY SERVICES LLC,-73.93712655,40.8399664,"(40.83996640452136, -73.93712654716953)"
Laundry,123 LAUNDROMAT CORP.,-73.93831354,40.80317136,"(40.80317135606646, -73.93831354415155)"
Laundry,"HARLEM SPIN CITY, LLC",-73.93648985,40.8027614,"(40.8027614015308, -73.93648985369957)"
Laundry,K.L. NEW HOPE INC.,-73.98599241,40.73493905,"(40.73493905217377, -73.9859924121532)"
Laundry,701 SPLASHING LAUNDROMAT INC.,-77.51958437,40.11238534,"(40.11238533659802, -77.51958437167269)"
Laundry,CABRINI LAUNDROMAT INC.,-73.93498645,40.85165767,"(40.85165766934864, -73.9349864518418)"
Laundry,ALLYSONJOY LAUNDROMAT INC,-73.97890003,40.72980802,"(40.72980802477656, -73.97890003433902)"
Laundry,99 JANE LAUNDROMAT CORP.,-74.00366267,40.73855743,"(40.73855743007947, -74.00366266711012)"
Laundry,LPJ REALTY CORP,-73.99277663,40.76334233,"(40.76334232984879, -73.99277662641626)"